a10,otsu-head,otsu,1,0.608085
a10,otsu-head,otsu,2,0.789364
a10,brain-mask,hdbet,1,0.631772
a10,brain-mask,hdbet,2,0.805245
a10,brain-mask,erode3,1,0.626671
a10,brain-mask,erode3,2,0.781573
a10,brain-mask,dilate3,1,0.639508
a10,brain-mask,dilate3,2,0.774764
a10,brain-mask,random3,1,0.635732
a10,brain-mask,random3,2,0.774149
a13,otsu-head,otsu,1,0.633773
a13,otsu-head,otsu,2,0.796452
a13,brain-mask,hdbet,1,0.665385
a13,brain-mask,hdbet,2,0.821762
a13,brain-mask,erode3,1,0.661632
a13,brain-mask,erode3,2,0.811287
a13,brain-mask,dilate3,1,0.668734
a13,brain-mask,dilate3,2,0.816839
a13,brain-mask,random3,1,0.665190
a13,brain-mask,random3,2,0.817587
a16,otsu-head,otsu,1,0.622372
a16,otsu-head,otsu,2,0.797933
a16,brain-mask,hdbet,1,0.646697
a16,brain-mask,hdbet,2,0.835065
a16,brain-mask,erode3,1,0.642102
a16,brain-mask,erode3,2,0.826253
a16,brain-mask,dilate3,1,0.654010
a16,brain-mask,dilate3,2,0.829946
a16,brain-mask,random3,1,0.650678
a16,brain-mask,random3,2,0.844859
a19,otsu-head,otsu,1,0.588368
a19,otsu-head,otsu,2,0.731875
a19,brain-mask,hdbet,1,0.630949
a19,brain-mask,hdbet,2,0.709275
a19,brain-mask,erode3,1,0.630059
a19,brain-mask,erode3,2,0.670260
a19,brain-mask,dilate3,1,0.634396
a19,brain-mask,dilate3,2,0.782543
a19,brain-mask,random3,1,0.629228
a19,brain-mask,random3,2,0.787193
a1,otsu-head,otsu,1,0.603674
a1,otsu-head,otsu,2,0.606164
a1,brain-mask,hdbet,1,0.652233
a1,brain-mask,hdbet,2,0.652203
a1,brain-mask,erode3,1,0.647101
a1,brain-mask,erode3,2,0.647251
a1,brain-mask,dilate3,1,0.654922
a1,brain-mask,dilate3,2,0.720151
a1,brain-mask,random3,1,0.651212
a1,brain-mask,random3,2,0.651212
a22,otsu-head,otsu,1,0.586205
a22,otsu-head,otsu,2,0.777670
a22,brain-mask,hdbet,1,0.592941
a22,brain-mask,hdbet,2,0.593113
a22,brain-mask,erode3,1,0.633257
a22,brain-mask,erode3,2,0.765150
a22,brain-mask,dilate3,1,0.593060
a22,brain-mask,dilate3,2,0.593242
a22,brain-mask,random3,1,0.592962
a22,brain-mask,random3,2,0.593250
a25,otsu-head,otsu,1,0.540326
a25,otsu-head,otsu,2,0.755803
a25,brain-mask,hdbet,1,0.581279
a25,brain-mask,hdbet,2,0.734517
a25,brain-mask,erode3,1,0.580134
a25,brain-mask,erode3,2,0.735072
a25,brain-mask,dilate3,1,0.585395
a25,brain-mask,dilate3,2,0.743730
a25,brain-mask,random3,1,0.576975
a25,brain-mask,random3,2,0.729521
a28,otsu-head,otsu,1,0.559441
a28,otsu-head,otsu,2,0.744497
a28,brain-mask,hdbet,1,0.691900
a28,brain-mask,hdbet,2,0.791756
a28,brain-mask,erode3,1,0.683142
a28,brain-mask,erode3,2,0.816916
a28,brain-mask,dilate3,1,0.688666
a28,brain-mask,dilate3,2,0.846208
a28,brain-mask,random3,1,0.686320
a28,brain-mask,random3,2,0.849291
a4,otsu-head,otsu,1,0.591088
a4,otsu-head,otsu,2,0.696198
a4,brain-mask,hdbet,1,0.612302
a4,brain-mask,hdbet,2,0.702177
a4,brain-mask,erode3,1,0.610668
a4,brain-mask,erode3,2,0.707494
a4,brain-mask,dilate3,1,0.619242
a4,brain-mask,dilate3,2,0.717472
a4,brain-mask,random3,1,0.618814
a4,brain-mask,random3,2,0.681857
a7,otsu-head,otsu,1,0.566632
a7,otsu-head,otsu,2,0.739375
a7,brain-mask,hdbet,1,0.609693
a7,brain-mask,hdbet,2,0.745180
a7,brain-mask,erode3,1,0.603960
a7,brain-mask,erode3,2,0.610972
a7,brain-mask,dilate3,1,0.612186
a7,brain-mask,dilate3,2,0.750525
a7,brain-mask,random3,1,0.608722
a7,brain-mask,random3,2,0.749225
