target,condition,band_mm,posthoc,input_vs_tbv,output_vs_tbv,output_vs_plain,output_vs_input,elapsed_s
a1,dilate3,,,0.834557,0.950290,0.978653,0.832038,288
a1,dilate3-band2,2,yes,0.834557,0.910358,0.913422,0.916485,288
a1,dilate3-band4,4,yes,0.834557,0.955700,0.977119,0.839561,288
a1,dilate3-band8,8,yes,0.834557,0.950345,0.978706,0.832155,288
a1,erode3,,,0.693298,0.954043,0.989158,0.690243,303
a1,erode3-band2,2,yes,0.693298,0.864381,0.860172,0.801879,303
a1,erode3-band4,4,yes,0.693298,0.956193,0.985357,0.693847,303
a1,erode3-band8,8,yes,0.693298,0.954349,0.988980,0.690469,303
a1,hdbet,,,0.942164,0.952165,0.985684,0.949992,255
a1,hdbet-band2,2,yes,0.942164,0.952680,0.980427,0.959048,255
a1,hdbet-band4,4,yes,0.942164,0.953049,0.984454,0.952055,255
a1,hdbet-band8,8,yes,0.942164,0.952172,0.985668,0.950022,255
a1,hdbet-band4,4,,0.942164,0.953049,0.984454,0.952055,255
a1,plain,,,,0.954139,1.000000,,312
a1,random3,,,0.830292,0.953288,0.988644,0.817057,262
a1,random3-band2,2,yes,0.830292,0.908176,0.922893,0.880283,262
a1,random3-band4,4,yes,0.830292,0.947782,0.978564,0.826678,262
a1,random3-band8,8,yes,0.830292,0.953356,0.988553,0.817189,262
a4,dilate3,,,0.838869,0.941517,0.975915,0.833196,301
a4,dilate3-band2,2,yes,0.838869,0.910823,0.909653,0.920565,301
a4,dilate3-band4,4,yes,0.838869,0.949416,0.974912,0.843501,301
a4,dilate3-band8,8,yes,0.838869,0.941584,0.975905,0.833284,301
a4,erode3,,,0.691226,0.947943,0.987579,0.692728,315
a4,erode3-band2,2,yes,0.691226,0.860379,0.859745,0.803121,315
a4,erode3-band4,4,yes,0.691226,0.950884,0.981653,0.697491,315
a4,erode3-band8,8,yes,0.691226,0.948372,0.987128,0.693051,315
a4,hdbet,,,0.938531,0.948655,0.986210,0.948223,325
a4,hdbet-band2,2,yes,0.938531,0.947816,0.980194,0.957030,325
a4,hdbet-band4,4,yes,0.938531,0.948616,0.984711,0.950109,325
a4,hdbet-band8,8,yes,0.938531,0.948658,0.986191,0.948248,325
a4,hdbet-band4,4,,0.938531,0.948616,0.984711,0.950109,315
a4,plain,,,,0.948534,1.000000,,387
a4,random3,,,0.827677,0.949028,0.985679,0.818145,343
a4,random3-band2,2,yes,0.827677,0.900190,0.917450,0.885308,343
a4,random3-band4,4,yes,0.827677,0.941575,0.973480,0.830072,343
a4,random3-band8,8,yes,0.827677,0.949015,0.985558,0.818279,343
a7,dilate3,,,0.839150,0.951045,0.984393,0.839652,269
a7,dilate3-band2,2,yes,0.839150,0.912592,0.910567,0.919164,269
a7,dilate3-band4,4,yes,0.839150,0.955840,0.979047,0.847877,269
a7,dilate3-band8,8,yes,0.839150,0.951291,0.984054,0.840025,269
a7,erode3,,,0.736859,0.954739,0.985562,0.731699,277
a7,erode3-band2,2,yes,0.736859,0.881457,0.881583,0.835886,277
a7,erode3-band4,4,yes,0.736859,0.958683,0.980303,0.737438,277
a7,erode3-band8,8,yes,0.736859,0.954852,0.985475,0.731788,277
a7,hdbet,,,0.942337,0.953538,0.988316,0.950123,323
a7,hdbet-band2,2,yes,0.942337,0.954359,0.981662,0.959125,323
a7,hdbet-band4,4,yes,0.942337,0.955012,0.986697,0.952474,323
a7,hdbet-band8,8,yes,0.942337,0.953623,0.988266,0.950247,323
a7,hdbet-band4,4,,0.942337,0.955012,0.986697,0.952474,330
a7,plain,,,,0.953414,1.000000,,345
a7,random3,,,0.838406,0.954169,0.988855,0.829429,281
a7,random3-band2,2,yes,0.838406,0.908231,0.923231,0.892647,281
a7,random3-band4,4,yes,0.838406,0.947587,0.977986,0.839671,281
a7,random3-band8,8,yes,0.838406,0.954205,0.988809,0.829483,281
a10,dilate3,,,0.842724,0.941113,0.936703,0.826164,265
a10,dilate3-band2,2,yes,0.842724,0.915959,0.918732,0.919833,265
a10,dilate3-band4,4,yes,0.842724,0.953477,0.944052,0.838981,265
a10,dilate3-band8,8,yes,0.842724,0.941240,0.936818,0.826281,265
a10,erode3,,,0.713201,0.948377,0.957067,0.713153,278
a10,erode3-band2,2,yes,0.713201,0.874975,0.843540,0.814385,278
a10,erode3-band4,4,yes,0.713201,0.952571,0.951303,0.718155,278
a10,erode3-band8,8,yes,0.713201,0.948475,0.956979,0.713228,278
a10,hdbet,,,0.943008,0.936555,0.969680,0.938389,313
a10,hdbet-band2,2,yes,0.943008,0.942428,0.963701,0.952696,313
a10,hdbet-band4,4,yes,0.943008,0.937883,0.969842,0.941238,313
a10,hdbet-band8,8,yes,0.943008,0.936817,0.969854,0.938749,313
a10,hdbet-band4,4,,0.943008,0.937883,0.969842,0.941238,311
a10,plain,,,,0.930005,1.000000,,324
a10,random3,,,0.834546,0.949220,0.952264,0.821578,263
a10,random3-band2,2,yes,0.834546,0.905343,0.900176,0.886640,263
a10,random3-band4,4,yes,0.834546,0.943820,0.944288,0.831981,263
a10,random3-band8,8,yes,0.834546,0.949301,0.952119,0.821737,263
a13,dilate3,,,0.841408,0.954707,0.983441,0.851276,306
a13,dilate3-band2,2,yes,0.841408,0.913368,0.917905,0.920983,306
a13,dilate3-band4,4,yes,0.841408,0.957520,0.979892,0.856229,306
a13,dilate3-band8,8,yes,0.841408,0.954833,0.983287,0.851433,306
a13,erode3,,,0.705586,0.952364,0.983754,0.694927,279
a13,erode3-band2,2,yes,0.705586,0.871357,0.865107,0.809548,279
a13,erode3-band4,4,yes,0.705586,0.957895,0.980694,0.701399,279
a13,erode3-band8,8,yes,0.705586,0.952578,0.983886,0.695085,279
a13,hdbet,,,0.935635,0.953889,0.984172,0.951940,273
a13,hdbet-band2,2,yes,0.935635,0.952504,0.978090,0.961139,273
a13,hdbet-band4,4,yes,0.935635,0.953953,0.982829,0.954105,273
a13,hdbet-band8,8,yes,0.935635,0.953894,0.984169,0.951976,273
a13,hdbet-band4,4,,0.935635,0.953953,0.982829,0.954105,273
a13,plain,,,,0.953610,1.000000,,316
a13,random3,,,0.833846,0.951162,0.981262,0.821606,304
a13,random3-band2,2,yes,0.833846,0.905721,0.917419,0.888039,304
a13,random3-band4,4,yes,0.833846,0.945345,0.970241,0.833842,304
a13,random3-band8,8,yes,0.833846,0.951038,0.980843,0.822084,304
a16,dilate3,,,0.841384,0.929984,0.971459,0.827957,331
a16,dilate3-band2,2,yes,0.841384,0.909149,0.903441,0.924885,331
a16,dilate3-band4,4,yes,0.841384,0.944170,0.968101,0.845973,331
a16,dilate3-band8,8,yes,0.841384,0.930509,0.971363,0.828504,331
a16,erode3,,,0.686926,0.938162,0.965758,0.671377,342
a16,erode3-band2,2,yes,0.686926,0.860945,0.859707,0.797776,342
a16,erode3-band4,4,yes,0.686926,0.950096,0.962065,0.685084,342
a16,erode3-band8,8,yes,0.686926,0.939092,0.964987,0.672058,342
a16,hdbet,,,0.938981,0.939684,0.972570,0.948567,308
a16,hdbet-band2,2,yes,0.938981,0.941343,0.967341,0.958133,308
a16,hdbet-band4,4,yes,0.938981,0.940336,0.971388,0.950208,308
a16,hdbet-band8,8,yes,0.938981,0.939821,0.972405,0.948723,308
a16,hdbet-band4,4,,0.938981,0.940336,0.971388,0.950208,307
a16,plain,,,,0.936287,1.000000,,389
a16,random3,,,0.833296,0.937765,0.976671,0.816230,326
a16,random3-band2,2,yes,0.833296,0.899633,0.913618,0.882921,326
a16,random3-band4,4,yes,0.833296,0.934350,0.966653,0.827225,326
a16,random3-band8,8,yes,0.833296,0.937939,0.976393,0.816529,326
a19,dilate3,,,0.847399,0.948820,0.980949,0.838466,343
a19,dilate3-band2,2,yes,0.847399,0.917930,0.920004,0.922948,343
a19,dilate3-band4,4,yes,0.847399,0.956786,0.982175,0.848233,343
a19,dilate3-band8,8,yes,0.847399,0.949284,0.981223,0.838993,343
a19,erode3,,,0.728235,0.956591,0.988881,0.723393,330
a19,erode3-band2,2,yes,0.728235,0.882466,0.878441,0.825153,330
a19,erode3-band4,4,yes,0.728235,0.960866,0.982393,0.729654,330
a19,erode3-band8,8,yes,0.728235,0.956689,0.988797,0.723468,330
a19,hdbet,,,0.948376,0.955072,0.985949,0.960805,329
a19,hdbet-band2,2,yes,0.948376,0.954721,0.982801,0.966358,329
a19,hdbet-band4,4,yes,0.948376,0.955276,0.985403,0.961968,329
a19,hdbet-band8,8,yes,0.948376,0.955067,0.985947,0.960811,329
a19,hdbet-band4,4,,0.948376,0.955276,0.985403,0.961968,328
a19,plain,,,,0.955596,1.000000,,377
a19,random3,,,0.840768,0.954012,0.985398,0.831791,340
a19,random3-band2,2,yes,0.840768,0.911215,0.925578,0.892180,340
a19,random3-band4,4,yes,0.840768,0.948298,0.975323,0.841813,340
a19,random3-band8,8,yes,0.840768,0.953965,0.985349,0.831838,340
a22,dilate3,,,0.842661,0.855544,0.874787,0.773528,242
a22,dilate3-band2,2,yes,0.842661,0.911168,0.907697,0.923282,242
a22,dilate3-band4,4,yes,0.842661,0.936902,0.946923,0.848663,242
a22,dilate3-band8,8,yes,0.842661,0.882220,0.899649,0.798400,242
a22,erode3,,,0.756686,0.954740,0.983033,0.751503,300
a22,erode3-band2,2,yes,0.756686,0.892279,0.893781,0.847708,300
a22,erode3-band4,4,yes,0.756686,0.960953,0.979179,0.757362,300
a22,erode3-band8,8,yes,0.756686,0.954786,0.983081,0.751540,300
a22,hdbet,,,0.944744,0.951356,0.975166,0.953724,270
a22,hdbet-band2,2,yes,0.944744,0.953491,0.971223,0.960544,270
a22,hdbet-band4,4,yes,0.944744,0.952254,0.974058,0.955184,270
a22,hdbet-band8,8,yes,0.944744,0.951475,0.975049,0.953877,270
a22,hdbet-band4,4,,0.944744,0.952254,0.974058,0.955184,272
a22,plain,,,,0.954278,1.000000,,368
a22,random3,,,0.857581,0.954567,0.985571,0.847696,292
a22,random3-band2,2,yes,0.857581,0.918138,0.931703,0.902657,292
a22,random3-band4,4,yes,0.857581,0.949122,0.976224,0.857374,292
a22,random3-band8,8,yes,0.857581,0.954559,0.985465,0.847807,292
a25,dilate3,,,0.845631,0.945987,0.976123,0.831720,289
a25,dilate3-band2,2,yes,0.845631,0.920133,0.894970,0.919018,289
a25,dilate3-band4,4,yes,0.845631,0.961200,0.959347,0.850365,289
a25,dilate3-band8,8,yes,0.845631,0.949774,0.970216,0.837158,289
a25,erode3,,,0.783180,0.946203,0.969878,0.789647,306
a25,erode3-band2,2,yes,0.783180,0.895345,0.915733,0.872183,306
a25,erode3-band4,4,yes,0.783180,0.950965,0.972968,0.794242,306
a25,erode3-band8,8,yes,0.783180,0.946288,0.969967,0.789719,306
a25,hdbet,,,0.947112,0.942715,0.970989,0.945818,288
a25,hdbet-band2,2,yes,0.947112,0.949056,0.969537,0.956420,288
a25,hdbet-band4,4,yes,0.947112,0.945160,0.971459,0.948707,288
a25,hdbet-band8,8,yes,0.947112,0.942780,0.971025,0.945909,288
a25,hdbet-band4,4,,0.947112,0.945160,0.971459,0.948707,280
a25,plain,,,,0.946678,1.000000,,330
a25,random3,,,0.866157,0.946678,0.974390,0.854413,298
a25,random3-band2,2,yes,0.866157,0.918074,0.928622,0.909595,298
a25,random3-band4,4,yes,0.866157,0.944035,0.967989,0.864370,298
a25,random3-band8,8,yes,0.866157,0.946817,0.974529,0.854544,298
a28,dilate3,,,0.839011,0.946322,0.978714,0.847206,322
a28,dilate3-band2,2,yes,0.839011,0.909449,0.911623,0.922175,322
a28,dilate3-band4,4,yes,0.839011,0.951266,0.974171,0.854678,322
a28,dilate3-band8,8,yes,0.839011,0.946415,0.978524,0.847437,322
a28,erode3,,,0.737969,0.949430,0.981026,0.731114,330
a28,erode3-band2,2,yes,0.737969,0.880186,0.876146,0.837924,330
a28,erode3-band4,4,yes,0.737969,0.954255,0.976405,0.737376,330
a28,erode3-band8,8,yes,0.737969,0.949434,0.981022,0.731117,330
a28,hdbet,,,0.941925,0.949626,0.985200,0.949244,320
a28,hdbet-band2,2,yes,0.941925,0.951664,0.980502,0.957184,320
a28,hdbet-band4,4,yes,0.941925,0.950040,0.984765,0.950082,320
a28,hdbet-band8,8,yes,0.941925,0.949629,0.985189,0.949259,320
a28,hdbet-band4,4,,0.941925,0.950040,0.984765,0.950082,309
a28,plain,,,,0.950147,1.000000,,377
a28,random3,,,0.847789,0.950239,0.983125,0.839007,346
a28,random3-band2,2,yes,0.847789,0.909814,0.925601,0.897583,346
a28,random3-band4,4,yes,0.847789,0.944178,0.973337,0.848978,346
a28,random3-band8,8,yes,0.847789,0.950239,0.983127,0.839047,346
