refset,target,hammers: P0~R P1~R H~R P0~H P1~H P0~P1 volH/R | klasson: P0~H P1~H P0~P1 I0~M I1~M H~M volH/M
hammers,a1,0.9541,0.9426,0.9422,0.9534,0.9682,0.9548,1.0368
hammers,a10,0.9300,0.9275,0.9430,0.9332,0.9514,0.9450,1.0343
hammers,a13,0.9536,0.9241,0.9356,0.9472,0.9612,0.9332,1.0527
hammers,a16,0.9363,0.9272,0.9390,0.9419,0.9586,0.9473,1.0429
hammers,a19,0.9556,0.9395,0.9484,0.9597,0.9617,0.9493,1.0309
hammers,a22,0.9543,0.9449,0.9447,0.9491,0.9697,0.9509,1.0443
hammers,a25,0.9467,0.9484,0.9471,0.9464,0.9643,0.9468,1.0176
hammers,a28,0.9501,0.9363,0.9419,0.9499,0.9623,0.9464,1.0455
hammers,a4,0.9485,0.9306,0.9385,0.9483,0.9656,0.9380,1.0462
hammers,a7,0.9534,0.9399,0.9423,0.9486,0.9682,0.9487,1.0475
klasson,m1,0.9117,0.8455,0.8841,0.8814,0.8318,0.9231,0.9536
klasson,m13,0.9168,0.9472,0.9226,0.9336,0.9232,0.9217,0.9505
klasson,m19,0.9181,0.9635,0.9413,0.9674,0.9650,0.9312,0.9645
klasson,m25,0.9158,0.9603,0.9415,0.9595,0.9559,0.9418,0.9778
klasson,m31,0.9247,0.9669,0.9344,0.9669,0.9611,0.9168,0.9467
klasson,m37,0.9161,0.9613,0.9373,0.9678,0.9595,0.9416,0.9729
klasson,m43,0.9101,0.9518,0.9365,0.9473,0.9500,0.9306,0.9554
klasson,m49,0.9055,0.9493,0.9233,0.9487,0.9390,0.9187,0.9579
klasson,m55,0.9193,0.9630,0.9359,0.9528,0.9589,0.9284,0.9423
klasson,m7,0.9225,0.9532,0.9289,0.9412,0.9481,0.9030,0.9310
