variant,refset,target,parenchyma_jaccard,icv_jaccard
hdbet,hammers,a1,0.942615,
hdbet,hammers,a10,0.927526,
hdbet,hammers,a13,0.924072,
hdbet,hammers,a16,0.927151,
hdbet,hammers,a19,0.939507,
hdbet,hammers,a22,0.944872,
hdbet,hammers,a25,0.948366,
hdbet,hammers,a28,0.936296,
hdbet,hammers,a4,0.930575,
hdbet,hammers,a7,0.939946,
hdbet,klasson,m1,0.77956,0.815756
hdbet,klasson,m13,0.910202,0.927153
hdbet,klasson,m19,0.941469,0.963338
hdbet,klasson,m25,0.928776,0.957299
hdbet,klasson,m31,0.924802,0.959019
hdbet,klasson,m37,0.920821,0.957985
hdbet,klasson,m43,0.93915,0.949725
hdbet,klasson,m49,0.915235,0.937818
hdbet,klasson,m55,0.935863,0.959957
hdbet,klasson,m7,0.915471,0.945852
original,hammers,a1,0.954139,
original,hammers,a10,0.930005,
original,hammers,a13,0.95361,
original,hammers,a16,0.936287,
original,hammers,a19,0.955596,
original,hammers,a22,0.954278,
original,hammers,a25,0.946678,
original,hammers,a28,0.950147,
original,hammers,a4,0.948534,
original,hammers,a7,0.953414,
original,klasson,m1,0.898018,0.887172
original,klasson,m13,0.961801,0.934643
original,klasson,m19,0.978389,0.967046
original,klasson,m25,0.975275,0.960314
original,klasson,m31,0.973323,0.965831
original,klasson,m37,0.973899,0.967191
original,klasson,m43,0.973984,0.946802
original,klasson,m49,0.957566,0.950477
original,klasson,m55,0.972727,0.953394
original,klasson,m7,0.932833,0.931456
