condition,target,parenchyma_jaccard,icv_jaccard,si,elapsed_s,atlas_brain_jaccard,atlas_brain_volume_ratio,atlas_brain_msd_mm,atlas_icv_jaccard
none,m100,0.977321,0.950147,0.989554,578,1.0,1.0,1.00576,1.0
none,m20,0.979751,0.975938,0.990908,880,1.0,1.0,1.00576,1.0
none,m40,0.986007,0.966298,0.99237,779,1.0,1.0,1.00576,1.0
none,m60,0.983106,0.973093,0.991382,657,1.0,1.0,1.00576,1.0
none,m80,0.980392,0.957807,0.991704,984,1.0,1.0,1.00576,1.0
close2,m100,0.975947,0.944764,0.989574,604,0.9959258,1.0040911,1.00226,0.9985188
close2,m20,0.980434,0.978396,0.992068,871,0.9959258,1.0040911,1.00226,0.9985188
close2,m40,0.985394,0.964231,0.991768,880,0.9959258,1.0040911,1.00226,0.9985188
close2,m60,0.98413,0.97001,0.992103,644,0.9959258,1.0040911,1.00226,0.9985188
close2,m80,0.978791,0.962504,0.990936,856,0.9959258,1.0040911,1.00226,0.9985188
close4,m100,0.971808,0.938704,0.99067,567,0.9882496,1.0118976,1.01802,0.9963868
close4,m20,0.977974,0.975404,0.992012,831,0.9882496,1.0118976,1.01802,0.9963868
close4,m40,0.983661,0.964814,0.991068,847,0.9882496,1.0118976,1.01802,0.9963868
close4,m60,0.982168,0.970379,0.992228,559,0.9882496,1.0118976,1.01802,0.9963868
close4,m80,0.975385,0.958944,0.991757,833,0.9882496,1.0118976,1.01802,0.9963868
close8,m100,0.960973,0.946843,0.989564,683,0.9751088,1.0255526,1.08136,0.9909316
close8,m20,0.971465,0.976014,0.990665,867,0.9751088,1.0255526,1.08136,0.9909316
close8,m40,0.977761,0.964535,0.992284,718,0.9751088,1.0255526,1.08136,0.9909316
close8,m60,0.976308,0.971266,0.990178,501,0.9751088,1.0255526,1.08136,0.9909316
close8,m80,0.964836,0.961201,0.991362,855,0.9751088,1.0255526,1.08136,0.9909316
close16,m100,0.937965,0.942685,0.987327,633,0.9523675,1.050074,1.27329,0.9762466
close16,m20,0.953629,0.969789,0.991743,930,0.9523675,1.050074,1.27329,0.9762466
close16,m40,0.961647,0.955213,0.990652,895,0.9523675,1.050074,1.27329,0.9762466
close16,m60,0.961384,0.961619,0.990926,651,0.9523675,1.050074,1.27329,0.9762466
close16,m80,0.944806,0.946991,0.988185,899,0.9523675,1.050074,1.27329,0.9762466
close4smooth,m100,0.966537,0.948316,0.990491,591,0.9770585,1.0088571,1.09295,0.9897338
close4smooth,m20,0.973637,0.976349,0.990208,784,0.9770585,1.0088571,1.09295,0.9897338
close4smooth,m40,0.98049,0.957865,0.991061,746,0.9770585,1.0088571,1.09295,0.9897338
close4smooth,m60,0.977303,0.966981,0.991973,534,0.9770585,1.0088571,1.09295,0.9897338
close4smooth,m80,0.971968,0.957741,0.990699,892,0.9770585,1.0088571,1.09295,0.9897338
random2,m100,0.958548,0.925163,0.971153,657,0.9298619,1.0012253,1.79214,0.9405929
random2,m20,0.962375,0.965581,0.975032,861,0.9298619,1.0012253,1.79214,0.9405929
random2,m40,0.969154,0.962005,0.976745,867,0.9298619,1.0012253,1.79214,0.9405929
random2,m60,0.965866,0.962263,0.974712,501,0.9298619,1.0012253,1.79214,0.9405929
random2,m80,0.962483,0.955883,0.973093,864,0.9298619,1.0012253,1.79214,0.9405929
random4,m100,0.93072,0.92101,0.946227,583,0.8443022,1.0093466,3.23688,0.8667424
random4,m20,0.938144,0.952258,0.95106,855,0.8443022,1.0093466,3.23688,0.8667424
random4,m40,0.941787,0.944441,0.953388,660,0.8443022,1.0093466,3.23688,0.8667424
random4,m60,0.934847,0.945102,0.951543,522,0.8443022,1.0093466,3.23688,0.8667424
random4,m80,0.933338,0.937224,0.945897,756,0.8443022,1.0093466,3.23688,0.8667424
dilate1,m100,0.95934,0.950132,0.987294,667,0.9624696,1.038999,0.96561,0.9685897
dilate1,m20,0.967965,0.973455,0.990529,889,0.9624696,1.038999,0.96561,0.9685897
dilate1,m40,0.969243,0.96202,0.990977,842,0.9624696,1.038999,0.96561,0.9685897
dilate1,m60,0.969938,0.973892,0.990416,572,0.9624696,1.038999,0.96561,0.9685897
dilate1,m80,0.957798,0.960684,0.989773,845,0.9624696,1.038999,0.96561,0.9685897
erode1,m100,0.955562,0.908879,0.989595,536,0.961267,0.9612688,1.45943,0.9678921
erode1,m20,0.952513,0.959466,0.990231,723,0.961267,0.9612688,1.45943,0.9678921
erode1,m40,0.962483,0.94945,0.991789,755,0.961267,0.9612688,1.45943,0.9678921
erode1,m60,0.953067,0.943798,0.991143,483,0.961267,0.9612688,1.45943,0.9678921
erode1,m80,0.958265,0.944959,0.989957,861,0.961267,0.9612688,1.45943,0.9678921
